,year,month,temperature trend (C)
0,1883,1,21.7471533800067
1,1883,2,21.748007115628138
2,1883,3,21.748860851249578
3,1883,4,21.749714586871015
4,1883,5,21.75056832249245
5,1883,6,21.751422058113892
6,1883,7,21.75227579373533
7,1883,8,21.753129529356766
8,1883,9,21.753983264978203
9,1883,10,21.754837000599643
10,1883,11,21.75569073622108
11,1883,12,21.756544471842517
12,1884,1,21.757398207463957
13,1884,2,21.758251943085394
14,1884,3,21.75910567870683
15,1884,4,21.759959414328268
16,1884,5,21.76081314994971
17,1884,6,21.761666885571145
18,1884,7,21.762520621192582
19,1884,8,21.763374356814023
20,1884,9,21.76422809243546
21,1884,10,21.765081828056896
22,1884,11,21.765935563678333
23,1884,12,21.766789299299774
24,1885,1,21.76764303492121
25,1885,2,21.768496770542647
26,1885,3,21.769350506164088
27,1885,4,21.770204241785525
28,1885,5,21.77105797740696
29,1885,6,21.771911713028402
30,1885,7,21.77276544864984
31,1885,8,21.773619184271276
32,1885,9,21.774472919892716
33,1885,10,21.775326655514153
34,1885,11,21.77618039113559
35,1885,12,21.77703412675703
36,1886,1,21.777887862378467
37,1886,2,21.778741597999904
38,1886,3,21.779595333621344
39,1886,4,21.78044906924278
40,1886,5,21.781302804864218
41,1886,6,21.78215654048566
42,1886,7,21.783010276107095
43,1886,8,21.783864011728532
44,1886,9,21.784717747349973
45,1886,10,21.78557148297141
46,1886,11,21.786425218592846
47,1886,12,21.787278954214287
48,1887,1,21.788132689835724
49,1887,2,21.78898642545716
50,1887,3,21.7898401610786
51,1887,4,21.790693896700038
52,1887,5,21.791547632321475
53,1887,6,21.792401367942915
54,1887,7,21.793255103564352
55,1887,8,21.79410883918579
56,1887,9,21.79496257480723
57,1887,10,21.795816310428666
58,1887,11,21.796670046050103
59,1887,12,21.797523781671543
60,1888,1,21.79837751729298
61,1888,2,21.799231252914417
62,1888,3,21.800084988535858
63,1888,4,21.800938724157295
64,1888,5,21.80179245977873
65,1888,6,21.802646195400172
66,1888,7,21.80349993102161
67,1888,8,21.804353666643046
68,1888,9,21.805207402264486
69,1888,10,21.806061137885923
70,1888,11,21.80691487350736
71,1888,12,21.807768609128797
72,1889,1,21.808622344750237
73,1889,2,21.809476080371674
74,1889,3,21.81032981599311
75,1889,4,21.81118355161455
76,1889,5,21.812037287235988
77,1889,6,21.812891022857425
78,1889,7,21.81374475847886
79,1889,8,21.814598494100302
80,1889,9,21.81545222972174
81,1889,10,21.816305965343176
82,1889,11,21.817159700964616
83,1889,12,21.818013436586053
84,1890,1,21.81886717220749
85,1890,2,21.819720907828927
86,1890,3,21.820574643450367
87,1890,4,21.821428379071804
88,1890,5,21.82228211469324
89,1890,6,21.82313585031468
90,1890,7,21.82398958593612
91,1890,8,21.824843321557555
92,1890,9,21.825697057178996
93,1890,10,21.826550792800433
94,1890,11,21.82740452842187
95,1890,12,21.82825826404331
96,1891,1,21.829111999664747
97,1891,2,21.829965735286184
98,1891,3,21.830819470907624
99,1891,4,21.83167320652906
100,1891,5,21.832526942150498
101,1891,6,21.833380677771938
102,1891,7,21.834234413393375
103,1891,8,21.835088149014812
104,1891,9,21.835941884636252
105,1891,10,21.83679562025769
106,1891,11,21.837649355879126
107,1891,12,21.838503091500566
108,1892,1,21.839356827122003
109,1892,2,21.84021056274344
110,1892,3,21.84106429836488
111,1892,4,21.841918033986317
112,1892,5,21.842771769607754
113,1892,6,21.843625505229195
114,1892,7,21.84447924085063
115,1892,8,21.84533297647207
116,1892,9,21.84618671209351
117,1892,10,21.847040447714946
118,1892,11,21.847894183336383
119,1892,12,21.848747918957823
120,1893,1,21.84960165457926
121,1893,2,21.850455390200697
122,1893,3,21.851309125822137
123,1893,4,21.852162861443574
124,1893,5,21.85301659706501
125,1893,6,21.85387033268645
126,1893,7,21.85472406830789
127,1893,8,21.855577803929325
128,1893,9,21.856431539550766
129,1893,10,21.857285275172202
130,1893,11,21.85813901079364
131,1893,12,21.85899274641508
132,1894,1,21.859846482036517
133,1894,2,21.860700217657953
134,1894,3,21.861553953279394
135,1894,4,21.86240768890083
136,1894,5,21.863261424522268
137,1894,6,21.864115160143704
138,1894,7,21.864968895765145
139,1894,8,21.86582263138658
140,1894,9,21.86667636700802
141,1894,10,21.86753010262946
142,1894,11,21.868383838250896
143,1894,12,21.869237573872333
144,1895,1,21.87009130949377
145,1895,2,21.87094504511521
146,1895,3,21.871798780736647
147,1895,4,21.872652516358084
148,1895,5,21.873506251979524
149,1895,6,21.87435998760096
150,1895,7,21.875213723222398
151,1895,8,21.876067458843835
152,1895,9,21.876921194465275
153,1895,10,21.877774930086712
154,1895,11,21.87862866570815
155,1895,12,21.87948240132959
156,1896,1,21.880336136951026
157,1896,2,21.881189872572463
158,1896,3,21.882043608193904
159,1896,4,21.88289734381534
160,1896,5,21.883751079436777
161,1896,6,21.884604815058218
162,1896,7,21.885458550679655
163,1896,8,21.88631228630109
164,1896,9,21.887166021922532
165,1896,10,21.88801975754397
166,1896,11,21.888873493165406
167,1896,12,21.889727228786846
168,1897,1,21.890580964408283
169,1897,2,21.89143470002972
170,1897,3,21.89228843565116
171,1897,4,21.893142171272597
172,1897,5,21.893995906894034
173,1897,6,21.894849642515474
174,1897,7,21.89570337813691
175,1897,8,21.896557113758348
176,1897,9,21.89741084937979
177,1897,10,21.898264585001225
178,1897,11,21.899118320622662
179,1897,12,21.899972056244103
180,1898,1,21.90082579186554
181,1898,2,21.901679527486976
182,1898,3,21.902533263108417
183,1898,4,21.903386998729854
184,1898,5,21.90424073435129
185,1898,6,21.90509446997273
186,1898,7,21.905948205594168
187,1898,8,21.906801941215605
188,1898,9,21.907655676837045
189,1898,10,21.908509412458482
190,1898,11,21.90936314807992
191,1898,12,21.91021688370136
192,1899,1,21.911070619322796
193,1899,2,21.911924354944233
194,1899,3,21.912778090565673
195,1899,4,21.91363182618711
196,1899,5,21.914485561808547
197,1899,6,21.915339297429988
198,1899,7,21.916193033051425
199,1899,8,21.91704676867286
200,1899,9,21.9179005042943
201,1899,10,21.91875423991574
202,1899,11,21.919607975537176
203,1899,12,21.920461711158612
204,1900,1,21.921315446780053
205,1900,2,21.92216918240149
206,1900,3,21.923022918022927
207,1900,4,21.923876653644363
208,1900,5,21.924730389265804
209,1900,6,21.92558412488724
210,1900,7,21.926437860508678
211,1900,8,21.927291596130118
212,1900,9,21.928145331751555
213,1900,10,21.92899906737299
214,1900,11,21.92985280299443
215,1900,12,21.93070653861587
216,1901,1,21.931560274237306
217,1901,2,21.932414009858743
218,1901,3,21.933267745480183
219,1901,4,21.93412148110162
220,1901,5,21.934975216723057
221,1901,6,21.935828952344497
222,1901,7,21.936682687965934
223,1901,8,21.93753642358737
224,1901,9,21.93839015920881
225,1901,10,21.93924389483025
226,1901,11,21.940097630451685
227,1901,12,21.940951366073126
228,1902,1,21.941805101694563
229,1902,2,21.942658837316
230,1902,3,21.94351257293744
231,1902,4,21.944366308558877
232,1902,5,21.945220044180314
233,1902,6,21.946073779801754
234,1902,7,21.94692751542319
235,1902,8,21.947781251044628
236,1902,9,21.948634986666068
237,1902,10,21.949488722287505
238,1902,11,21.950342457908942
239,1902,12,21.951196193530382
240,1903,1,21.95204992915182
241,1903,2,21.952903664773256
242,1903,3,21.953757400394696
243,1903,4,21.954611136016133
244,1903,5,21.95546487163757
245,1903,6,21.95631860725901
246,1903,7,21.957172342880448
247,1903,8,21.958026078501884
248,1903,9,21.958879814123325
249,1903,10,21.95973354974476
250,1903,11,21.9605872853662
251,1903,12,21.96144102098764
252,1904,1,21.962294756609076
253,1904,2,21.963148492230513
254,1904,3,21.964002227851953
255,1904,4,21.96485596347339
256,1904,5,21.965709699094827
257,1904,6,21.966563434716267
258,1904,7,21.967417170337704
259,1904,8,21.96827090595914
260,1904,9,21.96912464158058
261,1904,10,21.96997837720202
262,1904,11,21.970832112823455
263,1904,12,21.971685848444896
264,1905,1,21.972539584066332
265,1905,2,21.97339331968777
266,1905,3,21.974247055309206
267,1905,4,21.975100790930647
268,1905,5,21.975954526552083
269,1905,6,21.97680826217352
270,1905,7,21.97766199779496
271,1905,8,21.978515733416398
272,1905,9,21.979369469037835
273,1905,10,21.98022320465927
274,1905,11,21.981076940280712
275,1905,12,21.98193067590215
276,1906,1,21.982784411523586
277,1906,2,21.983638147145026
278,1906,3,21.984491882766463
279,1906,4,21.9853456183879
280,1906,5,21.986199354009337
281,1906,6,21.987053089630777
282,1906,7,21.987906825252214
283,1906,8,21.98876056087365
284,1906,9,21.98961429649509
285,1906,10,21.990468032116528
286,1906,11,21.991321767737965
287,1906,12,21.992175503359405
288,1907,1,21.993029238980842
289,1907,2,21.99388297460228
290,1907,3,21.99473671022372
291,1907,4,21.995590445845156
292,1907,5,21.996444181466593
293,1907,6,21.997297917088034
294,1907,7,21.99815165270947
295,1907,8,21.999005388330907
296,1907,9,21.999859123952348
297,1907,10,22.000712859573785
298,1907,11,22.00156659519522
299,1907,12,22.002420330816662
300,1908,1,22.0032740664381
301,1908,2,22.004127802059536
302,1908,3,22.004981537680976
303,1908,4,22.005835273302413
304,1908,5,22.00668900892385
305,1908,6,22.00754274454529
306,1908,7,22.008396480166727
307,1908,8,22.009250215788164
308,1908,9,22.010103951409604
309,1908,10,22.01095768703104
310,1908,11,22.011811422652478
311,1908,12,22.01266515827392
312,1909,1,22.013518893895355
313,1909,2,22.014372629516792
314,1909,3,22.015226365138233
315,1909,4,22.01608010075967
316,1909,5,22.016933836381106
317,1909,6,22.017787572002547
318,1909,7,22.018641307623984
319,1909,8,22.01949504324542
320,1909,9,22.02034877886686
321,1909,10,22.021202514488298
322,1909,11,22.022056250109735
323,1909,12,22.022909985731175
324,1910,1,22.023763721352612
325,1910,2,22.02461745697405
326,1910,3,22.02547119259549
327,1910,4,22.026324928216926
328,1910,5,22.027178663838363
329,1910,6,22.0280323994598
330,1910,7,22.02888613508124
331,1910,8,22.029739870702677
332,1910,9,22.030593606324114
333,1910,10,22.031447341945555
334,1910,11,22.03230107756699
335,1910,12,22.03315481318843
336,1911,1,22.034008548809865
337,1911,2,22.034862284431306
338,1911,3,22.035716020052742
339,1911,4,22.03656975567418
340,1911,5,22.03742349129562
341,1911,6,22.038277226917057
342,1911,7,22.039130962538493
343,1911,8,22.03998469815993
344,1911,9,22.04083843378137
345,1911,10,22.041692169402808
346,1911,11,22.042545905024244
347,1911,12,22.043399640645685
348,1912,1,22.044253376267122
349,1912,2,22.04510711188856
350,1912,3,22.04596084751
351,1912,4,22.046814583131436
352,1912,5,22.047668318752873
353,1912,6,22.048522054374313
354,1912,7,22.04937578999575
355,1912,8,22.050229525617187
356,1912,9,22.051083261238627
357,1912,10,22.051936996860064
358,1912,11,22.0527907324815
359,1912,12,22.05364446810294
360,1913,1,22.05449820372438
361,1913,2,22.055351939345815
362,1913,3,22.056205674967256
363,1913,4,22.057059410588693
364,1913,5,22.05791314621013
365,1913,6,22.05876688183157
366,1913,7,22.059620617453007
367,1913,8,22.060474353074444
368,1913,9,22.061328088695884
369,1913,10,22.06218182431732
370,1913,11,22.063035559938758
371,1913,12,22.063889295560198
372,1914,1,22.064743031181635
373,1914,2,22.065596766803072
374,1914,3,22.066450502424512
375,1914,4,22.06730423804595
376,1914,5,22.068157973667386
377,1914,6,22.069011709288826
378,1914,7,22.069865444910263
379,1914,8,22.0707191805317
380,1914,9,22.07157291615314
381,1914,10,22.072426651774578
382,1914,11,22.073280387396014
383,1914,12,22.074134123017455
384,1915,1,22.07498785863889
385,1915,2,22.07584159426033
386,1915,3,22.07669532988177
387,1915,4,22.077549065503206
388,1915,5,22.078402801124643
389,1915,6,22.079256536746083
390,1915,7,22.08011027236752
391,1915,8,22.080964007988957
392,1915,9,22.081817743610397
393,1915,10,22.082671479231834
394,1915,11,22.08352521485327
395,1915,12,22.084378950474708
396,1916,1,22.08523268609615
397,1916,2,22.086086421717585
398,1916,3,22.086940157339022
399,1916,4,22.087793892960462
400,1916,5,22.0886476285819
401,1916,6,22.089501364203336
402,1916,7,22.090355099824773
403,1916,8,22.091208835446213
404,1916,9,22.09206257106765
405,1916,10,22.092916306689087
406,1916,11,22.093770042310528
407,1916,12,22.094623777931965
408,1917,1,22.0954775135534
409,1917,2,22.09633124917484
410,1917,3,22.09718498479628
411,1917,4,22.098038720417716
412,1917,5,22.098892456039152
413,1917,6,22.099746191660593
414,1917,7,22.10059992728203
415,1917,8,22.101453662903467
416,1917,9,22.102307398524907
417,1917,10,22.103161134146344
418,1917,11,22.10401486976778
419,1917,12,22.10486860538922
420,1918,1,22.105722341010658
421,1918,2,22.106576076632095
422,1918,3,22.107429812253535
423,1918,4,22.108283547874972
424,1918,5,22.10913728349641
425,1918,6,22.10999101911785
426,1918,7,22.110844754739286
427,1918,8,22.111698490360723
428,1918,9,22.112552225982164
429,1918,10,22.1134059616036
430,1918,11,22.114259697225037
431,1918,12,22.115113432846478
432,1919,1,22.115967168467915
433,1919,2,22.11682090408935
434,1919,3,22.117674639710792
435,1919,4,22.11852837533223
436,1919,5,22.119382110953666
437,1919,6,22.120235846575106
438,1919,7,22.121089582196543
439,1919,8,22.12194331781798
440,1919,9,22.12279705343942
441,1919,10,22.123650789060857
442,1919,11,22.124504524682294
443,1919,12,22.125358260303734
444,1920,1,22.12621199592517
445,1920,2,22.127065731546608
446,1920,3,22.12791946716805
447,1920,4,22.128773202789485
448,1920,5,22.129626938410922
449,1920,6,22.130480674032363
450,1920,7,22.1313344096538
451,1920,8,22.132188145275236
452,1920,9,22.133041880896677
453,1920,10,22.133895616518114
454,1920,11,22.13474935213955
455,1920,12,22.13560308776099
456,1921,1,22.136456823382428
457,1921,2,22.137310559003865
458,1921,3,22.1381642946253
459,1921,4,22.139018030246742
460,1921,5,22.13987176586818
461,1921,6,22.140725501489616
462,1921,7,22.141579237111056
463,1921,8,22.142432972732493
464,1921,9,22.14328670835393
465,1921,10,22.144140443975367
466,1921,11,22.144994179596807
467,1921,12,22.145847915218244
468,1922,1,22.14670165083968
469,1922,2,22.14755538646112
470,1922,3,22.14840912208256
471,1922,4,22.149262857703995
472,1922,5,22.150116593325432
473,1922,6,22.150970328946872
474,1922,7,22.15182406456831
475,1922,8,22.152677800189746
476,1922,9,22.153531535811187
477,1922,10,22.154385271432623
478,1922,11,22.15523900705406
479,1922,12,22.1560927426755
480,1923,1,22.156946478296938
481,1923,2,22.157800213918375
482,1923,3,22.158653949539815
483,1923,4,22.159507685161252
484,1923,5,22.16036142078269
485,1923,6,22.16121515640413
486,1923,7,22.162068892025566
487,1923,8,22.162922627647003
488,1923,9,22.163776363268443
489,1923,10,22.16463009888988
490,1923,11,22.165483834511317
491,1923,12,22.166337570132757
492,1924,1,22.167191305754194
493,1924,2,22.16804504137563
494,1924,3,22.16889877699707
495,1924,4,22.16975251261851
496,1924,5,22.170606248239945
497,1924,6,22.171459983861386
498,1924,7,22.172313719482823
499,1924,8,22.17316745510426
500,1924,9,22.1740211907257
501,1924,10,22.174874926347137
502,1924,11,22.175728661968574
503,1924,12,22.176582397590014
504,1925,1,22.17743613321145
505,1925,2,22.178289868832888
506,1925,3,22.179143604454328
507,1925,4,22.179997340075765
508,1925,5,22.180851075697202
509,1925,6,22.181704811318642
510,1925,7,22.18255854694008
511,1925,8,22.183412282561516
512,1925,9,22.184266018182957
513,1925,10,22.185119753804393
514,1925,11,22.18597348942583
515,1925,12,22.18682722504727
516,1926,1,22.187680960668708
517,1926,2,22.188534696290144
518,1926,3,22.189388431911585
519,1926,4,22.19024216753302
520,1926,5,22.19109590315446
521,1926,6,22.1919496387759
522,1926,7,22.192803374397336
523,1926,8,22.193657110018773
524,1926,9,22.19451084564021
525,1926,10,22.19536458126165
526,1926,11,22.196218316883087
527,1926,12,22.197072052504524
528,1927,1,22.197925788125964
529,1927,2,22.1987795237474
530,1927,3,22.199633259368838
531,1927,4,22.200486994990275
532,1927,5,22.201340730611715
533,1927,6,22.202194466233152
534,1927,7,22.20304820185459
535,1927,8,22.20390193747603
536,1927,9,22.204755673097466
537,1927,10,22.205609408718903
538,1927,11,22.20646314434034
539,1927,12,22.20731687996178
540,1928,1,22.208170615583217
541,1928,2,22.209024351204654
542,1928,3,22.209878086826095
543,1928,4,22.21073182244753
544,1928,5,22.21158555806897
545,1928,6,22.21243929369041
546,1928,7,22.213293029311846
547,1928,8,22.214146764933282
548,1928,9,22.215000500554723
549,1928,10,22.21585423617616
550,1928,11,22.216707971797597
551,1928,12,22.217561707419037
552,1929,1,22.218415443040474
553,1929,2,22.21926917866191
554,1929,3,22.22012291428335
555,1929,4,22.220976649904788
556,1929,5,22.221830385526225
557,1929,6,22.222684121147665
558,1929,7,22.223537856769102
559,1929,8,22.22439159239054
560,1929,9,22.22524532801198
561,1929,10,22.226099063633416
562,1929,11,22.226952799254853
563,1929,12,22.227806534876294
564,1930,1,22.22866027049773
565,1930,2,22.229514006119167
566,1930,3,22.230367741740608
567,1930,4,22.231221477362045
568,1930,5,22.23207521298348
569,1930,6,22.232928948604922
570,1930,7,22.23378268422636
571,1930,8,22.234636419847796
572,1930,9,22.235490155469236
573,1930,10,22.236343891090673
574,1930,11,22.23719762671211
575,1930,12,22.23805136233355
576,1931,1,22.238905097954987
577,1931,2,22.239758833576424
578,1931,3,22.240612569197864
579,1931,4,22.2414663048193
580,1931,5,22.242320040440738
581,1931,6,22.24317377606218
582,1931,7,22.244027511683615
583,1931,8,22.244881247305052
584,1931,9,22.245734982926493
585,1931,10,22.24658871854793
586,1931,11,22.247442454169366
587,1931,12,22.248296189790803
588,1932,1,22.249149925412244
589,1932,2,22.25000366103368
590,1932,3,22.250857396655118
591,1932,4,22.251711132276558
592,1932,5,22.252564867897995
593,1932,6,22.25341860351943
594,1932,7,22.25427233914087
595,1932,8,22.25512607476231
596,1932,9,22.255979810383746
597,1932,10,22.256833546005183
598,1932,11,22.257687281626623
599,1932,12,22.25854101724806
600,1933,1,22.259394752869497
601,1933,2,22.260248488490934
602,1933,3,22.261102224112374
603,1933,4,22.26195595973381
604,1933,5,22.262809695355248
605,1933,6,22.26366343097669
606,1933,7,22.264517166598125
607,1933,8,22.265370902219562
608,1933,9,22.266224637841002
609,1933,10,22.26707837346244
610,1933,11,22.267932109083876
611,1933,12,22.268785844705317
612,1934,1,22.269639580326754
613,1934,2,22.27049331594819
614,1934,3,22.27134705156963
615,1934,4,22.272200787191068
616,1934,5,22.273054522812505
617,1934,6,22.273908258433945
618,1934,7,22.274761994055382
619,1934,8,22.27561572967682
620,1934,9,22.27646946529826
621,1934,10,22.277323200919696
622,1934,11,22.278176936541133
623,1934,12,22.279030672162573
624,1935,1,22.27988440778401
625,1935,2,22.280738143405447
626,1935,3,22.281591879026887
627,1935,4,22.282445614648324
628,1935,5,22.28329935026976
629,1935,6,22.2841530858912
630,1935,7,22.28500682151264
631,1935,8,22.285860557134075
632,1935,9,22.286714292755516
633,1935,10,22.287568028376953
634,1935,11,22.28842176399839
635,1935,12,22.28927549961983
636,1936,1,22.290129235241267
637,1936,2,22.290982970862704
638,1936,3,22.291836706484144
639,1936,4,22.29269044210558
640,1936,5,22.293544177727018
641,1936,6,22.294397913348458
642,1936,7,22.295251648969895
643,1936,8,22.296105384591332
644,1936,9,22.296959120212772
645,1936,10,22.29781285583421
646,1936,11,22.298666591455646
647,1936,12,22.299520327077087
648,1937,1,22.300374062698523
649,1937,2,22.30122779831996
650,1937,3,22.3020815339414
651,1937,4,22.302935269562838
652,1937,5,22.303789005184274
653,1937,6,22.30464274080571
654,1937,7,22.30549647642715
655,1937,8,22.30635021204859
656,1937,9,22.307203947670025
657,1937,10,22.308057683291466
658,1937,11,22.308911418912903
659,1937,12,22.30976515453434
660,1938,1,22.310618890155776
661,1938,2,22.311472625777217
662,1938,3,22.312326361398654
663,1938,4,22.31318009702009
664,1938,5,22.31403383264153
665,1938,6,22.314887568262968
666,1938,7,22.315741303884405
667,1938,8,22.31659503950584
668,1938,9,22.317448775127282
669,1938,10,22.31830251074872
670,1938,11,22.319156246370156
671,1938,12,22.320009981991596
672,1939,1,22.320863717613033
673,1939,2,22.32171745323447
674,1939,3,22.32257118885591
675,1939,4,22.323424924477347
676,1939,5,22.324278660098784
677,1939,6,22.325132395720225
678,1939,7,22.32598613134166
679,1939,8,22.3268398669631
680,1939,9,22.32769360258454
681,1939,10,22.328547338205976
682,1939,11,22.329401073827412
683,1939,12,22.330254809448853
684,1940,1,22.33110854507029
685,1940,2,22.331962280691727
686,1940,3,22.332816016313167
687,1940,4,22.333669751934604
688,1940,5,22.33452348755604
689,1940,6,22.33537722317748
690,1940,7,22.336230958798918
691,1940,8,22.337084694420355
692,1940,9,22.337938430041795
693,1940,10,22.338792165663232
694,1940,11,22.33964590128467
695,1940,12,22.34049963690611
696,1941,1,22.341353372527546
697,1941,2,22.342207108148983
698,1941,3,22.343060843770424
699,1941,4,22.34391457939186
700,1941,5,22.344768315013297
701,1941,6,22.345622050634738
702,1941,7,22.346475786256175
703,1941,8,22.34732952187761
704,1941,9,22.348183257499052
705,1941,10,22.34903699312049
706,1941,11,22.349890728741926
707,1941,12,22.350744464363366
708,1942,1,22.351598199984803
709,1942,2,22.35245193560624
710,1942,3,22.35330567122768
711,1942,4,22.354159406849117
712,1942,5,22.355013142470554
713,1942,6,22.355866878091994
714,1942,7,22.35672061371343
715,1942,8,22.357574349334868
716,1942,9,22.358428084956305
717,1942,10,22.359281820577745
718,1942,11,22.360135556199182
719,1942,12,22.36098929182062
720,1943,1,22.36184302744206
721,1943,2,22.362696763063497
722,1943,3,22.363550498684933
723,1943,4,22.36440423430637
724,1943,5,22.36525796992781
725,1943,6,22.366111705549248
726,1943,7,22.366965441170684
727,1943,8,22.367819176792125
728,1943,9,22.36867291241356
729,1943,10,22.369526648035
730,1943,11,22.370380383656435
731,1943,12,22.371234119277876
732,1944,1,22.372087854899313
733,1944,2,22.37294159052075
734,1944,3,22.37379532614219
735,1944,4,22.374649061763627
736,1944,5,22.375502797385064
737,1944,6,22.376356533006504
738,1944,7,22.37721026862794
739,1944,8,22.378064004249378
740,1944,9,22.37891773987082
741,1944,10,22.379771475492255
742,1944,11,22.380625211113692
743,1944,12,22.381478946735132
744,1945,1,22.38233268235657
745,1945,2,22.383186417978006
746,1945,3,22.384040153599447
747,1945,4,22.384893889220884
748,1945,5,22.38574762484232
749,1945,6,22.38660136046376
750,1945,7,22.387455096085198
751,1945,8,22.388308831706635
752,1945,9,22.389162567328075
753,1945,10,22.390016302949512
754,1945,11,22.39087003857095
755,1945,12,22.39172377419239
756,1946,1,22.392577509813826
757,1946,2,22.393431245435263
758,1946,3,22.394284981056703
759,1946,4,22.39513871667814
760,1946,5,22.395992452299577
761,1946,6,22.396846187921017
762,1946,7,22.397699923542454
763,1946,8,22.39855365916389
764,1946,9,22.39940739478533
765,1946,10,22.40026113040677
766,1946,11,22.401114866028205
767,1946,12,22.401968601649646
768,1947,1,22.402822337271083
769,1947,2,22.40367607289252
770,1947,3,22.40452980851396
771,1947,4,22.405383544135397
772,1947,5,22.406237279756834
773,1947,6,22.407091015378274
774,1947,7,22.40794475099971
775,1947,8,22.408798486621148
776,1947,9,22.40965222224259
777,1947,10,22.410505957864025
778,1947,11,22.411359693485462
779,1947,12,22.412213429106902
780,1948,1,22.41306716472834
781,1948,2,22.413920900349776
782,1948,3,22.414774635971213
783,1948,4,22.415628371592653
784,1948,5,22.41648210721409
785,1948,6,22.417335842835527
786,1948,7,22.418189578456968
787,1948,8,22.419043314078404
788,1948,9,22.41989704969984
789,1948,10,22.420750785321278
790,1948,11,22.42160452094272
791,1948,12,22.422458256564155
792,1949,1,22.423311992185592
793,1949,2,22.424165727807033
794,1949,3,22.42501946342847
795,1949,4,22.425873199049907
796,1949,5,22.426726934671343
797,1949,6,22.427580670292784
798,1949,7,22.42843440591422
799,1949,8,22.429288141535658
800,1949,9,22.430141877157098
801,1949,10,22.430995612778535
802,1949,11,22.43184934839997
803,1949,12,22.432703084021412
804,1950,1,22.43355681964285
805,1950,2,22.434410555264286
806,1950,3,22.435264290885726
807,1950,4,22.436118026507163
808,1950,5,22.4369717621286
809,1950,6,22.43782549775004
810,1950,7,22.438679233371477
811,1950,8,22.439532968992914
812,1950,9,22.440386704614355
813,1950,10,22.44124044023579
814,1950,11,22.44209417585723
815,1950,12,22.44294791147867
816,1951,1,22.443801647100106
817,1951,2,22.444655382721542
818,1951,3,22.445509118342983
819,1951,4,22.44636285396442
820,1951,5,22.447216589585857
821,1951,6,22.448070325207297
822,1951,7,22.448924060828734
823,1951,8,22.44977779645017
824,1951,9,22.45063153207161
825,1951,10,22.451485267693048
826,1951,11,22.452339003314485
827,1951,12,22.453192738935925
828,1952,1,22.454046474557362
829,1952,2,22.4549002101788
830,1952,3,22.45575394580024
831,1952,4,22.456607681421676
832,1952,5,22.457461417043113
833,1952,6,22.458315152664554
834,1952,7,22.45916888828599
835,1952,8,22.460022623907427
836,1952,9,22.460876359528868
837,1952,10,22.461730095150305
838,1952,11,22.46258383077174
839,1952,12,22.463437566393182
840,1953,1,22.46429130201462
841,1953,2,22.465145037636056
842,1953,3,22.465998773257496
843,1953,4,22.466852508878933
844,1953,5,22.46770624450037
845,1953,6,22.468559980121807
846,1953,7,22.469413715743247
847,1953,8,22.470267451364684
848,1953,9,22.47112118698612
849,1953,10,22.47197492260756
850,1953,11,22.472828658228998
851,1953,12,22.473682393850435
852,1954,1,22.474536129471872
853,1954,2,22.475389865093312
854,1954,3,22.47624360071475
855,1954,4,22.477097336336186
856,1954,5,22.477951071957627
857,1954,6,22.478804807579063
858,1954,7,22.4796585432005
859,1954,8,22.480512278821937
860,1954,9,22.481366014443378
861,1954,10,22.482219750064814
862,1954,11,22.48307348568625
863,1954,12,22.48392722130769
864,1955,1,22.48478095692913
865,1955,2,22.485634692550565
866,1955,3,22.486488428172006
867,1955,4,22.487342163793443
868,1955,5,22.48819589941488
869,1955,6,22.48904963503632
870,1955,7,22.489903370657757
871,1955,8,22.490757106279194
872,1955,9,22.491610841900634
873,1955,10,22.49246457752207
874,1955,11,22.493318313143508
875,1955,12,22.49417204876495
876,1956,1,22.495025784386385
877,1956,2,22.495879520007822
878,1956,3,22.496733255629263
879,1956,4,22.4975869912507
880,1956,5,22.498440726872136
881,1956,6,22.499294462493577
882,1956,7,22.500148198115014
883,1956,8,22.50100193373645
884,1956,9,22.50185566935789
885,1956,10,22.502709404979328
886,1956,11,22.503563140600765
887,1956,12,22.504416876222205
888,1957,1,22.505270611843642
889,1957,2,22.50612434746508
890,1957,3,22.50697808308652
891,1957,4,22.507831818707956
892,1957,5,22.508685554329393
893,1957,6,22.509539289950833
894,1957,7,22.51039302557227
895,1957,8,22.511246761193707
896,1957,9,22.512100496815147
897,1957,10,22.512954232436584
898,1957,11,22.51380796805802
899,1957,12,22.51466170367946
900,1958,1,22.5155154393009
901,1958,2,22.516369174922335
902,1958,3,22.517222910543776
903,1958,4,22.518076646165213
904,1958,5,22.51893038178665
905,1958,6,22.51978411740809
906,1958,7,22.520637853029527
907,1958,8,22.521491588650964
908,1958,9,22.522345324272404
909,1958,10,22.52319905989384
910,1958,11,22.524052795515278
911,1958,12,22.524906531136715
912,1959,1,22.525760266758155
913,1959,2,22.526614002379592
914,1959,3,22.52746773800103
915,1959,4,22.52832147362247
916,1959,5,22.529175209243906
917,1959,6,22.530028944865343
918,1959,7,22.53088268048678
919,1959,8,22.53173641610822
920,1959,9,22.532590151729657
921,1959,10,22.533443887351094
922,1959,11,22.534297622972534
923,1959,12,22.53515135859397
924,1960,1,22.536005094215408
925,1960,2,22.536858829836845
926,1960,3,22.537712565458285
927,1960,4,22.538566301079722
928,1960,5,22.53942003670116
929,1960,6,22.5402737723226
930,1960,7,22.541127507944037
931,1960,8,22.541981243565473
932,1960,9,22.542834979186914
933,1960,10,22.54368871480835
934,1960,11,22.544542450429788
935,1960,12,22.545396186051228
936,1961,1,22.546249921672665
937,1961,2,22.5471036572941
938,1961,3,22.547957392915542
939,1961,4,22.54881112853698
940,1961,5,22.549664864158416
941,1961,6,22.550518599779856
942,1961,7,22.551372335401293
943,1961,8,22.55222607102273
944,1961,9,22.55307980664417
945,1961,10,22.553933542265607
946,1961,11,22.554787277887044
947,1961,12,22.555641013508485
948,1962,1,22.55649474912992
949,1962,2,22.55734848475136
950,1962,3,22.5582022203728
951,1962,4,22.559055955994236
952,1962,5,22.559909691615673
953,1962,6,22.560763427237113
954,1962,7,22.56161716285855
955,1962,8,22.562470898479987
956,1962,9,22.563324634101427
957,1962,10,22.564178369722864
958,1962,11,22.5650321053443
959,1962,12,22.56588584096574
960,1963,1,22.566739576587178
961,1963,2,22.567593312208615
962,1963,3,22.568447047830055
963,1963,4,22.569300783451492
964,1963,5,22.57015451907293
965,1963,6,22.57100825469437
966,1963,7,22.571861990315806
967,1963,8,22.572715725937243
968,1963,9,22.573569461558684
969,1963,10,22.57442319718012
970,1963,11,22.575276932801557
971,1963,12,22.576130668422998
972,1964,1,22.576984404044435
973,1964,2,22.57783813966587
974,1964,3,22.57869187528731
975,1964,4,22.57954561090875
976,1964,5,22.580399346530186
977,1964,6,22.581253082151623
978,1964,7,22.582106817773063
979,1964,8,22.5829605533945
980,1964,9,22.583814289015937
981,1964,10,22.584668024637374
982,1964,11,22.585521760258814
983,1964,12,22.58637549588025
984,1965,1,22.587229231501688
985,1965,2,22.58808296712313
986,1965,3,22.588936702744565
987,1965,4,22.589790438366002
988,1965,5,22.59064417398744
989,1965,6,22.59149790960888
990,1965,7,22.592351645230316
991,1965,8,22.593205380851753
992,1965,9,22.594059116473193
993,1965,10,22.59491285209463
994,1965,11,22.595766587716067
995,1965,12,22.596620323337508
996,1966,1,22.597474058958944
997,1966,2,22.59832779458038
998,1966,3,22.59918153020182
999,1966,4,22.60003526582326
1000,1966,5,22.600889001444695
1001,1966,6,22.601742737066136
1002,1966,7,22.602596472687573
1003,1966,8,22.60345020830901
1004,1966,9,22.60430394393045
1005,1966,10,22.605157679551887
1006,1966,11,22.606011415173324
1007,1966,12,22.606865150794764
1008,1967,1,22.6077188864162
1009,1967,2,22.608572622037638
1010,1967,3,22.60942635765908
1011,1967,4,22.610280093280515
1012,1967,5,22.611133828901952
1013,1967,6,22.611987564523393
1014,1967,7,22.61284130014483
1015,1967,8,22.613695035766266
1016,1967,9,22.614548771387707
1017,1967,10,22.615402507009144
1018,1967,11,22.61625624263058
1019,1967,12,22.61710997825202
1020,1968,1,22.617963713873458
1021,1968,2,22.618817449494895
1022,1968,3,22.619671185116335
1023,1968,4,22.620524920737772
1024,1968,5,22.62137865635921
1025,1968,6,22.62223239198065
1026,1968,7,22.623086127602086
1027,1968,8,22.623939863223523
1028,1968,9,22.624793598844963
1029,1968,10,22.6256473344664
1030,1968,11,22.626501070087837
1031,1968,12,22.627354805709277
1032,1969,1,22.628208541330714
1033,1969,2,22.62906227695215
1034,1969,3,22.62991601257359
1035,1969,4,22.63076974819503
1036,1969,5,22.631623483816465
1037,1969,6,22.632477219437906
1038,1969,7,22.633330955059343
1039,1969,8,22.63418469068078
1040,1969,9,22.635038426302216
1041,1969,10,22.635892161923657
1042,1969,11,22.636745897545094
1043,1969,12,22.63759963316653
1044,1970,1,22.63845336878797
1045,1970,2,22.639307104409408
1046,1970,3,22.640160840030845
1047,1970,4,22.64101457565228
1048,1970,5,22.641868311273722
1049,1970,6,22.64272204689516
1050,1970,7,22.643575782516596
1051,1970,8,22.644429518138036
1052,1970,9,22.645283253759473
1053,1970,10,22.64613698938091
1054,1970,11,22.646990725002347
1055,1970,12,22.647844460623787
1056,1971,1,22.648698196245224
1057,1971,2,22.64955193186666
1058,1971,3,22.6504056674881
1059,1971,4,22.65125940310954
1060,1971,5,22.652113138730975
1061,1971,6,22.652966874352416
1062,1971,7,22.653820609973852
1063,1971,8,22.65467434559529
1064,1971,9,22.65552808121673
1065,1971,10,22.656381816838167
1066,1971,11,22.657235552459603
1067,1971,12,22.658089288081044
1068,1972,1,22.65894302370248
1069,1972,2,22.659796759323918
1070,1972,3,22.660650494945358
1071,1972,4,22.661504230566795
1072,1972,5,22.66235796618823
1073,1972,6,22.663211701809672
1074,1972,7,22.66406543743111
1075,1972,8,22.664919173052546
1076,1972,9,22.665772908673986
1077,1972,10,22.666626644295423
1078,1972,11,22.66748037991686
1079,1972,12,22.6683341155383
1080,1973,1,22.669187851159737
1081,1973,2,22.670041586781174
1082,1973,3,22.670895322402615
1083,1973,4,22.67174905802405
1084,1973,5,22.67260279364549
1085,1973,6,22.67345652926693
1086,1973,7,22.674310264888366
1087,1973,8,22.675164000509803
1088,1973,9,22.676017736131243
1089,1973,10,22.67687147175268
1090,1973,11,22.677725207374117
1091,1973,12,22.678578942995557
1092,1974,1,22.679432678616994
1093,1974,2,22.68028641423843
1094,1974,3,22.68114014985987
1095,1974,4,22.681993885481308
1096,1974,5,22.682847621102745
1097,1974,6,22.683701356724185
1098,1974,7,22.684555092345622
1099,1974,8,22.68540882796706
1100,1974,9,22.6862625635885
1101,1974,10,22.687116299209936
1102,1974,11,22.687970034831373
1103,1974,12,22.68882377045281
1104,1975,1,22.68967750607425
1105,1975,2,22.690531241695687
1106,1975,3,22.691384977317124
1107,1975,4,22.692238712938565
1108,1975,5,22.69309244856
1109,1975,6,22.69394618418144
1110,1975,7,22.694799919802875
1111,1975,8,22.695653655424316
1112,1975,9,22.696507391045753
1113,1975,10,22.69736112666719
1114,1975,11,22.69821486228863
1115,1975,12,22.699068597910067
1116,1976,1,22.699922333531504
1117,1976,2,22.70077606915294
1118,1976,3,22.70162980477438
1119,1976,4,22.702483540395818
1120,1976,5,22.703337276017255
1121,1976,6,22.704191011638695
1122,1976,7,22.705044747260132
1123,1976,8,22.70589848288157
1124,1976,9,22.70675221850301
1125,1976,10,22.707605954124446
1126,1976,11,22.708459689745883
1127,1976,12,22.709313425367323
1128,1977,1,22.71016716098876
1129,1977,2,22.711020896610197
1130,1977,3,22.711874632231638
1131,1977,4,22.712728367853074
1132,1977,5,22.71358210347451
1133,1977,6,22.71443583909595
1134,1977,7,22.71528957471739
1135,1977,8,22.716143310338826
1136,1977,9,22.716997045960266
1137,1977,10,22.717850781581703
1138,1977,11,22.71870451720314
1139,1977,12,22.71955825282458
1140,1978,1,22.720411988446017
1141,1978,2,22.721265724067454
1142,1978,3,22.722119459688894
1143,1978,4,22.72297319531033
1144,1978,5,22.723826930931768
1145,1978,6,22.72468066655321
1146,1978,7,22.725534402174645
1147,1978,8,22.726388137796082
1148,1978,9,22.727241873417523
1149,1978,10,22.72809560903896
1150,1978,11,22.728949344660396
1151,1978,12,22.729803080281837
1152,1979,1,22.730656815903274
1153,1979,2,22.73151055152471
1154,1979,3,22.73236428714615
1155,1979,4,22.733218022767588
1156,1979,5,22.734071758389025
1157,1979,6,22.734925494010465
1158,1979,7,22.735779229631902
1159,1979,8,22.73663296525334
1160,1979,9,22.73748670087478
1161,1979,10,22.738340436496216
1162,1979,11,22.739194172117653
1163,1979,12,22.740047907739093
1164,1980,1,22.74090164336053
1165,1980,2,22.741755378981967
1166,1980,3,22.742609114603408
1167,1980,4,22.743462850224844
1168,1980,5,22.74431658584628
1169,1980,6,22.745170321467718
1170,1980,7,22.74602405708916
1171,1980,8,22.746877792710595
1172,1980,9,22.747731528332032
1173,1980,10,22.748585263953473
1174,1980,11,22.74943899957491
1175,1980,12,22.750292735196346
1176,1981,1,22.751146470817783
1177,1981,2,22.752000206439224
1178,1981,3,22.75285394206066
1179,1981,4,22.753707677682097
1180,1981,5,22.754561413303538
1181,1981,6,22.755415148924975
1182,1981,7,22.75626888454641
1183,1981,8,22.75712262016785
1184,1981,9,22.75797635578929
1185,1981,10,22.758830091410726
1186,1981,11,22.759683827032163
1187,1981,12,22.760537562653603
1188,1982,1,22.76139129827504
1189,1982,2,22.762245033896477
1190,1982,3,22.763098769517917
1191,1982,4,22.763952505139354
1192,1982,5,22.76480624076079
1193,1982,6,22.76565997638223
1194,1982,7,22.76651371200367
1195,1982,8,22.767367447625105
1196,1982,9,22.768221183246546
1197,1982,10,22.769074918867982
1198,1982,11,22.76992865448942
1199,1982,12,22.77078239011086
1200,1983,1,22.771636125732297
1201,1983,2,22.772489861353733
1202,1983,3,22.773343596975174
1203,1983,4,22.77419733259661
1204,1983,5,22.775051068218048
1205,1983,6,22.775904803839488
1206,1983,7,22.776758539460925
1207,1983,8,22.77761227508236
1208,1983,9,22.778466010703802
1209,1983,10,22.77931974632524
1210,1983,11,22.780173481946676
1211,1983,12,22.781027217568116
1212,1984,1,22.781880953189553
1213,1984,2,22.78273468881099
1214,1984,3,22.78358842443243
1215,1984,4,22.784442160053867
1216,1984,5,22.785295895675304
1217,1984,6,22.786149631296745
1218,1984,7,22.78700336691818
1219,1984,8,22.78785710253962
1220,1984,9,22.78871083816106
1221,1984,10,22.789564573782496
1222,1984,11,22.790418309403933
1223,1984,12,22.791272045025373
1224,1985,1,22.79212578064681
1225,1985,2,22.792979516268247
1226,1985,3,22.793833251889687
1227,1985,4,22.794686987511124
1228,1985,5,22.79554072313256
1229,1985,6,22.796394458754
1230,1985,7,22.797248194375438
1231,1985,8,22.798101929996875
1232,1985,9,22.798955665618312
1233,1985,10,22.799809401239752
1234,1985,11,22.80066313686119
1235,1985,12,22.801516872482626
1236,1986,1,22.802370608104066
1237,1986,2,22.803224343725503
1238,1986,3,22.80407807934694
1239,1986,4,22.804931814968377
1240,1986,5,22.805785550589817
1241,1986,6,22.806639286211254
1242,1986,7,22.80749302183269
1243,1986,8,22.80834675745413
1244,1986,9,22.80920049307557
1245,1986,10,22.810054228697005
1246,1986,11,22.810907964318442
1247,1986,12,22.811761699939883
1248,1987,1,22.81261543556132
1249,1987,2,22.813469171182756
1250,1987,3,22.814322906804197
1251,1987,4,22.815176642425634
1252,1987,5,22.81603037804707
1253,1987,6,22.81688411366851
1254,1987,7,22.817737849289948
1255,1987,8,22.818591584911385
1256,1987,9,22.819445320532825
1257,1987,10,22.820299056154262
1258,1987,11,22.8211527917757
1259,1987,12,22.82200652739714
1260,1988,1,22.822860263018576
1261,1988,2,22.823713998640013
1262,1988,3,22.824567734261453
1263,1988,4,22.82542146988289
1264,1988,5,22.826275205504327
1265,1988,6,22.827128941125768
1266,1988,7,22.827982676747204
1267,1988,8,22.82883641236864
1268,1988,9,22.829690147990082
1269,1988,10,22.83054388361152
1270,1988,11,22.831397619232956
1271,1988,12,22.832251354854396
1272,1989,1,22.833105090475833
1273,1989,2,22.83395882609727
1274,1989,3,22.83481256171871
1275,1989,4,22.835666297340147
1276,1989,5,22.836520032961584
1277,1989,6,22.837373768583024
1278,1989,7,22.83822750420446
1279,1989,8,22.839081239825898
1280,1989,9,22.83993497544734
1281,1989,10,22.840788711068775
1282,1989,11,22.841642446690212
1283,1989,12,22.842496182311653
1284,1990,1,22.84334991793309
1285,1990,2,22.844203653554526
1286,1990,3,22.845057389175967
1287,1990,4,22.845911124797404
1288,1990,5,22.84676486041884
1289,1990,6,22.84761859604028
1290,1990,7,22.848472331661718
1291,1990,8,22.849326067283155
1292,1990,9,22.850179802904595
1293,1990,10,22.851033538526032
1294,1990,11,22.85188727414747
1295,1990,12,22.85274100976891
1296,1991,1,22.853594745390346
1297,1991,2,22.854448481011783
1298,1991,3,22.85530221663322
1299,1991,4,22.85615595225466
1300,1991,5,22.857009687876097
1301,1991,6,22.857863423497534
1302,1991,7,22.858717159118974
1303,1991,8,22.85957089474041
1304,1991,9,22.860424630361848
1305,1991,10,22.861278365983285
1306,1991,11,22.862132101604725
1307,1991,12,22.862985837226162
1308,1992,1,22.8638395728476
1309,1992,2,22.86469330846904
1310,1992,3,22.865547044090476
1311,1992,4,22.866400779711913
1312,1992,5,22.86725451533335
1313,1992,6,22.86810825095479
1314,1992,7,22.868961986576227
1315,1992,8,22.869815722197664
1316,1992,9,22.870669457819105
1317,1992,10,22.87152319344054
1318,1992,11,22.87237692906198
1319,1992,12,22.87323066468342
1320,1993,1,22.874084400304856
1321,1993,2,22.874938135926293
1322,1993,3,22.875791871547733
1323,1993,4,22.87664560716917
1324,1993,5,22.877499342790607
1325,1993,6,22.878353078412047
1326,1993,7,22.879206814033484
1327,1993,8,22.88006054965492
1328,1993,9,22.88091428527636
1329,1993,10,22.8817680208978
1330,1993,11,22.882621756519235
1331,1993,12,22.883475492140676
1332,1994,1,22.884329227762112
1333,1994,2,22.88518296338355
1334,1994,3,22.88603669900499
1335,1994,4,22.886890434626427
1336,1994,5,22.887744170247863
1337,1994,6,22.888597905869304
1338,1994,7,22.88945164149074
1339,1994,8,22.890305377112178
1340,1994,9,22.891159112733618
1341,1994,10,22.892012848355055
1342,1994,11,22.89286658397649
1343,1994,12,22.893720319597932
1344,1995,1,22.89457405521937
1345,1995,2,22.895427790840806
1346,1995,3,22.896281526462246
1347,1995,4,22.897135262083683
1348,1995,5,22.89798899770512
1349,1995,6,22.89884273332656
1350,1995,7,22.899696468947997
1351,1995,8,22.900550204569434
1352,1995,9,22.901403940190875
1353,1995,10,22.90225767581231
1354,1995,11,22.90311141143375
1355,1995,12,22.90396514705519
1356,1996,1,22.904818882676626
1357,1996,2,22.905672618298063
1358,1996,3,22.906526353919503
1359,1996,4,22.90738008954094
1360,1996,5,22.908233825162377
1361,1996,6,22.909087560783814
1362,1996,7,22.909941296405254
1363,1996,8,22.91079503202669
1364,1996,9,22.911648767648128
1365,1996,10,22.912502503269568
1366,1996,11,22.913356238891005
1367,1996,12,22.914209974512442
1368,1997,1,22.91506371013388
1369,1997,2,22.91591744575532
1370,1997,3,22.916771181376756
1371,1997,4,22.917624916998193
1372,1997,5,22.918478652619633
1373,1997,6,22.91933238824107
1374,1997,7,22.920186123862507
1375,1997,8,22.921039859483944
1376,1997,9,22.921893595105384
1377,1997,10,22.92274733072682
1378,1997,11,22.923601066348258
1379,1997,12,22.9244548019697
1380,1998,1,22.925308537591135
1381,1998,2,22.926162273212572
1382,1998,3,22.927016008834013
1383,1998,4,22.92786974445545
1384,1998,5,22.928723480076886
1385,1998,6,22.929577215698327
1386,1998,7,22.930430951319764
1387,1998,8,22.9312846869412
1388,1998,9,22.93213842256264
1389,1998,10,22.932992158184078
1390,1998,11,22.933845893805515
1391,1998,12,22.934699629426955
1392,1999,1,22.935553365048392
1393,1999,2,22.93640710066983
1394,1999,3,22.93726083629127
1395,1999,4,22.938114571912706
1396,1999,5,22.938968307534143
1397,1999,6,22.939822043155583
1398,1999,7,22.94067577877702
1399,1999,8,22.941529514398457
1400,1999,9,22.942383250019898
1401,1999,10,22.943236985641335
1402,1999,11,22.94409072126277
1403,1999,12,22.944944456884212
1404,2000,1,22.94579819250565
1405,2000,2,22.946651928127086
1406,2000,3,22.947505663748526
1407,2000,4,22.948359399369963
1408,2000,5,22.9492131349914
1409,2000,6,22.95006687061284
1410,2000,7,22.950920606234277
1411,2000,8,22.951774341855714
1412,2000,9,22.952628077477154
1413,2000,10,22.95348181309859
1414,2000,11,22.954335548720028
1415,2000,12,22.95518928434147
1416,2001,1,22.956043019962905
1417,2001,2,22.956896755584342
1418,2001,3,22.957750491205783
1419,2001,4,22.95860422682722
1420,2001,5,22.959457962448656
1421,2001,6,22.960311698070097
1422,2001,7,22.961165433691534
1423,2001,8,22.96201916931297
1424,2001,9,22.96287290493441
1425,2001,10,22.963726640555848
1426,2001,11,22.964580376177285
1427,2001,12,22.96543411179872
1428,2002,1,22.966287847420162
1429,2002,2,22.9671415830416
1430,2002,3,22.967995318663036
1431,2002,4,22.968849054284476
1432,2002,5,22.969702789905913
1433,2002,6,22.97055652552735
1434,2002,7,22.971410261148787
1435,2002,8,22.972263996770227
1436,2002,9,22.973117732391664
1437,2002,10,22.9739714680131
1438,2002,11,22.97482520363454
1439,2002,12,22.975678939255978
1440,2003,1,22.976532674877415
1441,2003,2,22.977386410498852
1442,2003,3,22.978240146120292
1443,2003,4,22.97909388174173
1444,2003,5,22.979947617363166
1445,2003,6,22.980801352984606
1446,2003,7,22.981655088606043
1447,2003,8,22.98250882422748
1448,2003,9,22.98336255984892
1449,2003,10,22.984216295470357
1450,2003,11,22.985070031091794
1451,2003,12,22.985923766713235
1452,2004,1,22.98677750233467
1453,2004,2,22.98763123795611
1454,2004,3,22.98848497357755
1455,2004,4,22.989338709198986
1456,2004,5,22.990192444820423
1457,2004,6,22.991046180441863
1458,2004,7,22.9918999160633
1459,2004,8,22.992753651684737
1460,2004,9,22.993607387306177
1461,2004,10,22.994461122927614
1462,2004,11,22.99531485854905
1463,2004,12,22.99616859417049
1464,2005,1,22.99702232979193
1465,2005,2,22.997876065413365
1466,2005,3,22.998729801034806
1467,2005,4,22.999583536656242
1468,2005,5,23.00043727227768
1469,2005,6,23.00129100789912
1470,2005,7,23.002144743520557
1471,2005,8,23.002998479141993
1472,2005,9,23.003852214763434
1473,2005,10,23.00470595038487
1474,2005,11,23.005559686006308
1475,2005,12,23.006413421627748
1476,2006,1,23.007267157249185
1477,2006,2,23.008120892870622
1478,2006,3,23.008974628492062
1479,2006,4,23.0098283641135
1480,2006,5,23.010682099734936
1481,2006,6,23.011535835356376
1482,2006,7,23.012389570977813
1483,2006,8,23.01324330659925
1484,2006,9,23.01409704222069
1485,2006,10,23.014950777842127
1486,2006,11,23.015804513463564
1487,2006,12,23.016658249085005
1488,2007,1,23.01751198470644
1489,2007,2,23.01836572032788
1490,2007,3,23.019219455949315
1491,2007,4,23.020073191570756
1492,2007,5,23.020926927192193
1493,2007,6,23.02178066281363
1494,2007,7,23.02263439843507
1495,2007,8,23.023488134056507
1496,2007,9,23.024341869677944
1497,2007,10,23.02519560529938
1498,2007,11,23.02604934092082
1499,2007,12,23.026903076542258
1500,2008,1,23.027756812163695
1501,2008,2,23.028610547785135
1502,2008,3,23.029464283406572
1503,2008,4,23.03031801902801
1504,2008,5,23.031171754649446
1505,2008,6,23.032025490270886
1506,2008,7,23.032879225892323
1507,2008,8,23.03373296151376
1508,2008,9,23.0345866971352
1509,2008,10,23.035440432756637
1510,2008,11,23.036294168378074
1511,2008,12,23.037147903999514
1512,2009,1,23.03800163962095
1513,2009,2,23.038855375242388
1514,2009,3,23.03970911086383
1515,2009,4,23.040562846485265
1516,2009,5,23.041416582106702
1517,2009,6,23.042270317728143
1518,2009,7,23.04312405334958
1519,2009,8,23.043977788971016
1520,2009,9,23.044831524592457
1521,2009,10,23.045685260213894
1522,2009,11,23.04653899583533
1523,2009,12,23.04739273145677
1524,2010,1,23.048246467078208
1525,2010,2,23.049100202699645
1526,2010,3,23.049953938321085
1527,2010,4,23.050807673942522
1528,2010,5,23.05166140956396
1529,2010,6,23.0525151451854
1530,2010,7,23.053368880806836
1531,2010,8,23.054222616428273
1532,2010,9,23.055076352049714
1533,2010,10,23.05593008767115
1534,2010,11,23.056783823292587
1535,2010,12,23.057637558914028
1536,2011,1,23.058491294535465
1537,2011,2,23.0593450301569
1538,2011,3,23.060198765778342
1539,2011,4,23.06105250139978
1540,2011,5,23.061906237021216
1541,2011,6,23.062759972642656
1542,2011,7,23.063613708264093
1543,2011,8,23.06446744388553
1544,2011,9,23.06532117950697
1545,2011,10,23.066174915128407
1546,2011,11,23.067028650749844
1547,2011,12,23.067882386371284
1548,2012,1,23.06873612199272
1549,2012,2,23.069589857614158
1550,2012,3,23.0704435932356
1551,2012,4,23.071297328857035
1552,2012,5,23.072151064478472
1553,2012,6,23.073004800099913
1554,2012,7,23.07385853572135
1555,2012,8,23.074712271342786
1556,2012,9,23.075566006964223
1557,2012,10,23.076419742585664
1558,2012,11,23.0772734782071
1559,2012,12,23.078127213828537
1560,2013,1,23.078980949449978
1561,2013,2,23.079834685071415
1562,2013,3,23.08068842069285
1563,2013,4,23.08154215631429
1564,2013,5,23.08239589193573
1565,2013,6,23.083249627557166
1566,2013,7,23.084103363178603
1567,2013,8,23.084957098800043
1568,2013,9,23.08581083442148
